SKU,Item Description,Category,Opening Stock,Reorder Point,Unit Cost INR
SKU-001,A4 copier paper carton,Stationery,35,12,1250
SKU-002,Blue ballpoint pens box,Stationery,42,15,260
SKU-003,A4 files pack,Stationery,28,10,380
SKU-004,Sticky notes pack,Stationery,18,8,150
SKU-005,Thermal labels roll,Packaging,22,8,420
SKU-006,Corrugated carton medium,Packaging,80,25,38
SKU-007,Bubble wrap roll,Packaging,15,6,550
SKU-008,Packing tape carton,Packaging,27,10,210
SKU-009,USB keyboard,Office Electronics,14,5,650
SKU-010,Wireless mouse,Office Electronics,18,6,520
SKU-011,HDMI cable,Office Electronics,11,4,310
SKU-012,USB-C adapter,Office Electronics,9,4,740
SKU-013,Surface cleaner 5L,Cleaning,13,5,460
SKU-014,Microfiber cloth pack,Cleaning,24,8,190
SKU-015,Garbage liner roll,Cleaning,21,7,160
SKU-016,Handwash refill 5L,Cleaning,12,5,390
SKU-017,Safety gloves box,Safety & PPE,19,7,330
SKU-018,Reflective vest,Safety & PPE,10,4,520
SKU-019,Safety goggles,Safety & PPE,12,4,280
SKU-020,First-aid refill kit,Safety & PPE,8,3,890
